id|first_name|last_name|email|gender|ip_address
1|Lois|Diaz|ldiaz0@github.io|Female|161.14.122.151
2|Justin|Burns|jburns1@latimes.com|Male|238.217.250.115
3|Michael|Campbell|mcampbell2@squarespace.com|Male|254.129.153.110
4|Marie|Hall|mhall3@wiley.com|Female|96.238.80.8
5|Melissa|Jenkins|mjenkins4@google.co.jp|Female|61.15.108.159
6|Henry|Perry|hperry5@histats.com|Male|166.99.253.200
7|Jerry|Webb|jwebb6@a8.net|Male|177.225.93.234
8|Ruby|Diaz|rdiaz7@alibaba.com|Female|114.100.177.89
9|Denise|Bell|dbell8@naver.com|Female|53.219.128.135
10|Cynthia|Cook|ccook9@mashable.com|Female|47.35.136.168
11|Terry|Burke|tburkea@wunderground.com|Male|33.97.103.121
12|Benjamin|Ford|bfordb@shareasale.com|Male|218.214.123.22
13|Anthony|Hayes|ahayesc@tuttocitta.it|Male|39.42.69.36
14|Angela|King|akingd@adobe.com|Female|154.187.76.176
15|Gerald|Simpson|gsimpsone@aboutads.info|Male|224.6.78.94
16|Lisa|Ramirez|lramirezf@jiathis.com|Female|159.81.71.205
17|Beverly|Carroll|bcarrollg@yale.edu|Female|29.154.213.179
18|Eugene|Knight|eknighth@tinyurl.com|Male|54.73.127.230
19|Karen|Lynch|klynchi@twitter.com|Female|249.133.199.151
20|Peter|Kim|pkimj@marriott.com|Male|125.243.110.241
21|Diana|Banks|dbanksk@harvard.edu|Female|67.235.4.234
22|Catherine|Hanson|chansonl@discuz.net|Female|142.105.1.157
23|Sandra|Henry|shenrym@exblog.jp|Female|58.99.7.62
24|Virginia|Butler|vbutlern@weibo.com|Female|48.203.218.180
25|Carlos|Romero|cromeroo@biglobe.ne.jp|Male|100.203.114.71
26|Christina|Stewart|cstewartp@elpais.com|Female|104.35.18.113
27|Carolyn|Fernandez|cfernandezq@boston.com|Female|78.178.245.121
28|Roy|Dixon|rdixonr@utexas.edu|Male|201.151.165.40
29|Jack|Fernandez|jfernandezs@time.com|Male|86.176.143.189
30|Edward|Harper|eharpert@bravesites.com|Male|201.228.240.209
31|Irene|Meyer|imeyeru@skype.com|Female|110.99.144.229
32|David|Morales|dmoralesv@google.co.uk|Male|65.251.101.151
33|Nicholas|Olson|nolsonw@exblog.jp|Male|110.47.42.183
34|Mark|Peters|mpetersx@sciencedirect.com|Male|118.120.136.53
35|Antonio|Moore|amoorey@livejournal.com|Male|171.195.9.38
36|Virginia|Wagner|vwagnerz@boston.com|Female|180.252.63.61
37|Barbara|Washington|bwashington10@barnesandnoble.com|Female|43.249.9.84
38|Michael|Jackson|mjackson11@youtube.com|Male|111.23.166.61
39|Carlos|Moore|cmoore12@youtube.com|Male|176.180.188.162
40|Irene|Burton|iburton13@chronoengine.com|Female|20.21.148.241
41|Douglas|Mendoza|dmendoza14@chron.com|Male|33.53.33.125
42|Dorothy|Jenkins|djenkins15@clickbank.net|Female|85.231.27.167
43|Amy|Owens|aowens16@weibo.com|Female|90.208.14.163
44|Gary|Matthews|gmatthews17@cisco.com|Male|96.147.66.108
45|Norma|Baker|nbaker18@adobe.com|Female|147.103.238.125
46|Denise|Robertson|drobertson19@npr.org|Female|203.48.179.182
47|Laura|Miller|lmiller1a@zimbio.com|Female|160.192.186.12
48|Evelyn|Arnold|earnold1b@paginegialle.it|Female|234.249.10.214
49|Diana|Hill|dhill1c@geocities.com|Female|240.78.212.120
50|Harry|Willis|hwillis1d@spotify.com|Male|97.76.210.176
51|Maria|Burton|mburton1e@flavors.me|Female|90.71.48.111
52|Evelyn|Myers|emyers1f@is.gd|Female|9.53.157.193
53|Wayne|Cunningham|wcunningham1g@scribd.com|Male|18.180.41.229
54|Jane|Price|jprice1h@ucla.edu|Female|1.251.130.210
55|Carlos|Payne|cpayne1i@bbc.co.uk|Male|38.142.27.103
56|Todd|Lane|tlane1j@youtu.be|Male|156.112.26.66
57|Rose|Tucker|rtucker1k@washington.edu|Female|3.247.78.144
58|Julia|Grant|jgrant1l@economist.com|Female|38.211.83.61
59|Betty|Collins|bcollins1m@usatoday.com|Female|155.244.220.110
60|Todd|Sanchez|tsanchez1n@google.pl|Male|109.74.6.136
61|Sandra|Hunt|shunt1o@lycos.com|Female|171.1.245.235
62|Bobby|Gardner|bgardner1p@mac.com|Male|249.78.124.108
63|Carolyn|Fields|cfields1q@is.gd|Female|249.194.17.145
64|Daniel|Armstrong|darmstrong1r@hao123.com|Male|232.31.248.109
65|Ruth|Wagner|rwagner1s@archive.org|Female|90.162.122.171
66|Ronald|Moore|rmoore1t@sakura.ne.jp|Male|93.171.173.18
67|Brian|Reyes|breyes1u@elegantthemes.com|Male|164.168.231.41
68|Maria|Cole|mcole1v@sbwire.com|Female|159.177.162.12
69|Barbara|Jackson|bjackson1w@pbs.org|Female|43.188.33.145
70|Andrea|Burke|aburke1x@bloglovin.com|Female|136.102.189.223
71|Dennis|West|dwest1y@patch.com|Male|109.125.45.185
72|Kathleen|Barnes|kbarnes1z@furl.net|Female|179.92.126.157
73|Paul|Price|pprice20@acquirethisname.com|Male|53.246.166.27
74|Nancy|Murray|nmurray21@craigslist.org|Female|35.225.240.64
75|Martha|Reed|mreed22@slideshare.net|Female|86.211.53.221
76|Anne|Bowman|abowman23@marketwatch.com|Female|54.235.55.194
77|David|Kennedy|dkennedy24@ning.com|Male|99.146.241.43
78|Carol|Reyes|creyes25@theguardian.com|Female|159.0.210.193
79|Joan|Morgan|jmorgan26@vistaprint.com|Female|166.19.243.53
80|Sharon|Dunn|sdunn27@mac.com|Female|150.148.129.15
81|Judy|Hall|jhall28@sun.com|Female|219.238.231.28
82|Nancy|Mills|nmills29@eepurl.com|Female|56.203.96.113
83|Lillian|Flores|lflores2a@feedburner.com|Female|115.158.77.52
84|Roger|Wilson|rwilson2b@sogou.com|Male|204.52.117.78
85|Carolyn|Anderson|canderson2c@technorati.com|Female|238.18.116.91
86|Ruth|Franklin|rfranklin2d@typepad.com|Female|97.72.241.159
87|Debra|Henderson|dhenderson2e@w3.org|Female|218.111.84.21
88|Anna|Bishop|abishop2f@sciencedirect.com|Female|233.96.204.177
89|Gregory|Frazier|gfrazier2g@friendfeed.com|Male|232.185.117.109
90|David|Alexander|dalexander2h@stanford.edu|Male|143.124.105.44
91|Kimberly|Perkins|kperkins2i@elegantthemes.com|Female|5.225.184.30
92|Phillip|Kelley|pkelley2j@alibaba.com|Male|108.111.146.117
93|Frank|Chapman|fchapman2k@jigsy.com|Male|94.19.129.169
94|Judith|Rodriguez|jrodriguez2l@toplist.cz|Female|160.89.196.247
95|Nicholas|Matthews|nmatthews2m@globo.com|Male|130.182.48.1
96|Lillian|Garza|lgarza2n@webmd.com|Female|219.230.28.63
97|Katherine|Fernandez|kfernandez2o@mac.com|Female|206.65.124.191
98|Catherine|Welch|cwelch2p@google.it|Female|3.135.122.46
99|Joe|Adams|jadams2q@dagondesign.com|Male|175.225.101.225
100|Jeremy|Perkins|jperkins2r@dyndns.org|Male|88.92.13.244
101|Randy|Hunt|rhunt2s@plala.or.jp|Male|189.59.243.237
102|Gerald|Fernandez|gfernandez2t@icq.com|Male|113.20.28.2
103|William|Chapman|wchapman2u@diigo.com|Male|112.43.9.241
104|Billy|Reynolds|breynolds2v@phpbb.com|Male|29.109.198.10
105|Charles|Owens|cowens2w@auda.org.au|Male|182.6.140.251
106|Justin|Russell|jrussell2x@de.vu|Male|51.236.185.132
107|Frances|Nelson|fnelson2y@ftc.gov|Female|129.114.209.213
108|Christina|Henderson|chenderson2z@ftc.gov|Female|239.108.55.39
109|Antonio|Hunter|ahunter30@foxnews.com|Male|55.76.4.173
110|Joan|Nguyen|jnguyen31@blog.com|Female|209.156.83.252
111|Juan|Cox|jcox32@cnet.com|Male|148.160.91.83
112|Maria|Hunter|mhunter33@epa.gov|Female|22.235.178.245
113|Jean|Carpenter|jcarpenter34@printfriendly.com|Female|9.231.19.224
114|Melissa|Daniels|mdaniels35@surveymonkey.com|Female|106.249.112.36
115|Diane|Allen|dallen36@hubpages.com|Female|22.234.152.184
116|Carl|Pierce|cpierce37@imageshack.us|Male|207.216.242.142
117|Larry|Lawrence|llawrence38@ihg.com|Male|86.221.216.182
118|Katherine|Clark|kclark39@edublogs.org|Female|222.170.177.36
119|Wayne|Hawkins|whawkins3a@businessweek.com|Male|11.250.176.223
120|Eric|Jackson|ejackson3b@umich.edu|Male|162.11.195.16
121|Adam|Robinson|arobinson3c@usgs.gov|Male|47.92.142.84
122|Patricia|Harris|pharris3d@mtv.com|Female|160.19.158.217
123|Julie|Olson|jolson3e@posterous.com|Female|183.147.123.251
124|Jane|Sullivan|jsullivan3f@reference.com|Female|89.164.47.153
125|Juan|Williams|jwilliams3g@about.me|Male|248.151.148.201
126|Carolyn|Gilbert|cgilbert3h@yandex.ru|Female|100.178.27.232
127|Shawn|Hunter|shunter3i@github.com|Male|109.46.75.16
128|Wanda|Robinson|wrobinson3j@arstechnica.com|Female|69.189.201.189
129|Jean|Walker|jwalker3k@tiny.cc|Female|149.143.173.125
130|Robin|Turner|rturner3l@toplist.cz|Female|219.206.54.125
131|Adam|Morris|amorris3m@bing.com|Male|224.247.121.94
132|Carl|Walker|cwalker3n@ebay.co.uk|Male|223.197.124.22
133|Chris|Moreno|cmoreno3o@clickbank.net|Male|228.87.29.239
134|Rebecca|Nichols|rnichols3p@cargocollective.com|Female|251.213.81.85
135|Jack|Lee|jlee3q@jugem.jp|Male|122.205.215.153
136|Nancy|Stewart|nstewart3r@edublogs.org|Female|36.26.130.166
137|Nancy|Dean|ndean3s@slate.com|Female|78.208.151.102
138|Alice|Allen|aallen3t@51.la|Female|175.217.211.70
139|Arthur|Powell|apowell3u@tripod.com|Male|140.210.78.117
140|Jack|Hicks|jhicks3v@sbwire.com|Male|97.19.60.157
141|Cynthia|Ellis|cellis3w@intel.com|Female|43.62.245.131
142|Sara|Anderson|sanderson3x@google.nl|Female|203.111.62.148
143|Martin|Perkins|mperkins3y@nasa.gov|Male|131.52.120.253
144|Craig|Turner|cturner3z@mayoclinic.com|Male|101.8.62.134
145|Jeremy|Sims|jsims40@lulu.com|Male|240.66.151.114
146|Virginia|Murphy|vmurphy41@reverbnation.com|Female|116.6.10.173
147|Gloria|Bryant|gbryant42@howstuffworks.com|Female|129.45.218.185
148|Shawn|Frazier|sfrazier43@bigcartel.com|Male|35.27.208.157
149|Richard|Hicks|rhicks44@360.cn|Male|121.48.109.55
150|Jimmy|Phillips|jphillips45@salon.com|Male|229.36.243.25
151|Kathryn|Campbell|kcampbell46@bluehost.com|Female|109.3.246.34
152|Denise|Rogers|drogers47@businesswire.com|Female|142.33.103.133
153|Billy|Clark|bclark48@tamu.edu|Male|165.200.249.24
154|Shawn|Russell|srussell49@ed.gov|Male|118.162.130.255
155|Jeremy|Hansen|jhansen4a@issuu.com|Male|243.18.2.164
156|Kathy|Ortiz|kortiz4b@sourceforge.net|Female|31.126.83.198
157|Howard|Rivera|hrivera4c@4shared.com|Male|253.16.155.225
158|Johnny|Boyd|jboyd4d@rakuten.co.jp|Male|120.122.251.50
159|Matthew|Andrews|mandrews4e@un.org|Male|233.197.150.27
160|Deborah|Martin|dmartin4f@epa.gov|Female|69.167.158.102
161|Steven|Ruiz|sruiz4g@shutterfly.com|Male|223.20.235.171
162|Raymond|Willis|rwillis4h@prnewswire.com|Male|107.225.155.50
163|Todd|Lawrence|tlawrence4i@senate.gov|Male|53.135.154.59
164|Robert|Kelly|rkelly4j@mozilla.org|Male|161.13.219.253
165|Lori|Marshall|lmarshall4k@indiatimes.com|Female|7.171.210.198
166|Helen|Cruz|hcruz4l@networkadvertising.org|Female|109.44.168.228
167|Judith|Robinson|jrobinson4m@homestead.com|Female|182.32.55.148
168|Dennis|Smith|dsmith4n@ft.com|Male|238.137.65.108
169|Rebecca|Oliver|roliver4o@japanpost.jp|Female|31.173.184.31
170|Patricia|Stevens|pstevens4p@nytimes.com|Female|183.236.144.18
171|Jennifer|Harris|jharris4q@upenn.edu|Female|65.84.180.70
172|Jacqueline|Daniels|jdaniels4r@xing.com|Female|229.170.150.13
173|Ruby|Webb|rwebb4s@home.pl|Female|101.39.62.118
174|Ann|Bell|abell4t@newyorker.com|Female|95.54.64.0
175|John|Arnold|jarnold4u@about.me|Male|27.247.199.28
176|Arthur|Shaw|ashaw4v@sciencedaily.com|Male|60.221.173.245
177|Melissa|Murray|mmurray4w@themeforest.net|Female|122.162.60.220
178|Christine|Cooper|ccooper4x@goo.gl|Female|31.202.217.177
179|Kimberly|Stanley|kstanley4y@slideshare.net|Female|101.131.39.80
180|Helen|Parker|hparker4z@dell.com|Female|33.121.19.112
181|Johnny|Garrett|jgarrett50@spotify.com|Male|105.129.37.68
182|Louis|Dunn|ldunn51@aol.com|Male|135.239.195.211
183|Todd|Castillo|tcastillo52@reddit.com|Male|69.146.179.75
184|Anna|Johnston|ajohnston53@jiathis.com|Female|111.186.183.210
185|Emily|Reed|ereed54@github.com|Female|87.192.93.79
186|Beverly|Ferguson|bferguson55@ebay.co.uk|Female|145.212.230.156
187|Rose|Ramirez|rramirez56@ycombinator.com|Female|10.202.60.62
188|Ernest|Torres|etorres57@privacy.gov.au|Male|201.108.23.197
189|Christopher|Cook|ccook58@dailymotion.com|Male|255.129.80.128
190|Jimmy|Scott|jscott59@elegantthemes.com|Male|31.69.146.128
191|Ronald|Hunter|rhunter5a@boston.com|Male|174.79.35.104
192|Roger|Harvey|rharvey5b@blinklist.com|Male|8.88.155.208
193|Beverly|Gardner|bgardner5c@pagesperso-orange.fr|Female|221.103.153.228
194|Janice|Watkins|jwatkins5d@admin.ch|Female|55.123.243.247
195|Catherine|Jenkins|cjenkins5e@guardian.co.uk|Female|244.10.123.116
196|Mildred|Williams|mwilliams5f@netlog.com|Female|185.15.73.170
197|Barbara|Hicks|bhicks5g@dailymotion.com|Female|190.94.228.210
198|Deborah|Turner|dturner5h@gmpg.org|Female|116.36.254.81
199|Beverly|Phillips|bphillips5i@berkeley.edu|Female|119.189.94.192
200|Pamela|Hamilton|phamilton5j@thetimes.co.uk|Female|120.140.151.98
201|Beverly|Willis|bwillis5k@hubpages.com|Female|59.148.136.207
202|Steve|Owens|sowens5l@netscape.com|Male|120.129.223.95
203|Beverly|Howard|bhoward5m@furl.net|Female|18.52.240.42
204|Victor|Wheeler|vwheeler5n@un.org|Male|30.169.199.164
205|Ashley|Garza|agarza5o@uol.com.br|Female|2.137.9.201
206|Craig|Black|cblack5p@booking.com|Male|179.89.66.156
207|Ruth|Schmidt|rschmidt5q@google.it|Female|101.77.16.77
208|Jean|Ortiz|jortiz5r@java.com|Female|74.77.21.115
209|Jose|Alexander|jalexander5s@exblog.jp|Male|96.32.166.100
210|Matthew|Kelley|mkelley5t@bbc.co.uk|Male|220.246.117.117
211|Jessica|Rice|jrice5u@deliciousdays.com|Female|240.154.155.201
212|Jesse|Fuller|jfuller5v@sohu.com|Male|61.123.64.45
213|Katherine|Alexander|kalexander5w@163.com|Female|101.93.225.181
214|Lillian|Anderson|landerson5x@discuz.net|Female|152.214.39.215
215|Carl|Schmidt|cschmidt5y@soundcloud.com|Male|86.227.214.82
216|Randy|Burton|rburton5z@yolasite.com|Male|16.178.214.234
217|Jeremy|Hansen|jhansen60@unblog.fr|Male|184.214.178.143
218|Evelyn|Washington|ewashington61@nifty.com|Female|173.40.151.229
219|Ryan|Fields|rfields62@scientificamerican.com|Male|206.211.120.229
220|Benjamin|Murray|bmurray63@msu.edu|Male|94.79.24.57
221|Joshua|Morales|jmorales64@shareasale.com|Male|230.196.81.206
222|Tina|Larson|tlarson65@prlog.org|Female|152.74.103.122
223|Billy|Lee|blee66@stanford.edu|Male|247.97.59.240
224|Christine|Owens|cowens67@apple.com|Female|15.27.152.63
225|Patrick|Nguyen|pnguyen68@mayoclinic.com|Male|99.128.52.124
226|Ernest|King|eking69@dailymotion.com|Male|7.225.229.248
227|Michelle|Harris|mharris6a@howstuffworks.com|Female|35.233.126.29
228|Angela|Hart|ahart6b@sourceforge.net|Female|67.43.114.48
229|Phillip|Lawson|plawson6c@ebay.co.uk|Male|130.46.35.131
230|Martin|Murphy|mmurphy6d@webeden.co.uk|Male|141.53.215.64
231|Marie|Fuller|mfuller6e@artisteer.com|Female|54.53.75.228
232|Adam|Green|agreen6f@wikispaces.com|Male|197.101.122.221
233|James|Harrison|jharrison6g@mysql.com|Male|198.60.192.156
234|Kenneth|Carr|kcarr6h@devhub.com|Male|169.241.4.222
235|Mark|Richardson|mrichardson6i@seesaa.net|Male|83.179.54.54
236|Kelly|Stevens|kstevens6j@blogtalkradio.com|Female|237.233.88.205
237|Martin|Holmes|mholmes6k@china.com.cn|Male|86.16.191.117
238|Stephanie|Burns|sburns6l@google.co.uk|Female|146.76.82.3
239|Martha|Schmidt|mschmidt6m@godaddy.com|Female|143.72.109.145
240|Michelle|Warren|mwarren6n@jimdo.com|Female|96.0.65.19
241|William|Fernandez|wfernandez6o@sciencedaily.com|Male|228.3.14.188
242|Michael|Cruz|mcruz6p@list-manage.com|Male|9.207.253.170
243|Betty|Wheeler|bwheeler6q@paypal.com|Female|82.54.22.70
244|Ashley|Morrison|amorrison6r@imdb.com|Female|118.145.135.181
245|Ashley|Butler|abutler6s@freewebs.com|Female|150.6.65.212
246|Michael|Carr|mcarr6t@feedburner.com|Male|37.19.162.58
247|Pamela|Black|pblack6u@samsung.com|Female|231.163.149.89
248|Anne|Burke|aburke6v@newsvine.com|Female|212.74.86.110
249|Steve|Martin|smartin6w@mtv.com|Male|132.177.106.147
250|Stephanie|Davis|sdavis6x@g.co|Female|242.73.164.207
251|Kathryn|Tucker|ktucker6y@php.net|Female|103.122.192.173
252|Johnny|Hill|jhill6z@washingtonpost.com|Male|190.110.118.90
253|Jesse|Jordan|jjordan70@amazon.co.uk|Male|96.13.237.126
254|Beverly|Bishop|bbishop71@wp.com|Female|37.126.210.166
255|Carlos|Henderson|chenderson72@europa.eu|Male|0.12.36.11
256|Bruce|Spencer|bspencer73@wp.com|Male|38.3.199.144
257|Janet|Johnston|jjohnston74@mapy.cz|Female|105.8.72.69
258|Kathleen|Ellis|kellis75@tamu.edu|Female|187.140.236.159
259|Shawn|Peterson|speterson76@tmall.com|Male|113.118.133.23
260|Linda|Little|llittle77@craigslist.org|Female|180.102.30.88
261|Sara|Anderson|sanderson78@nbcnews.com|Female|94.232.14.83
262|Alice|Dixon|adixon79@123-reg.co.uk|Female|22.62.202.62
263|Karen|Reed|kreed7a@tiny.cc|Female|246.69.217.34
264|Virginia|Hernandez|vhernandez7b@blog.com|Female|36.108.186.72
265|Carol|Hernandez|chernandez7c@flavors.me|Female|146.5.13.229
266|Kimberly|Gutierrez|kgutierrez7d@issuu.com|Female|172.252.223.239
267|Alice|Armstrong|aarmstrong7e@uol.com.br|Female|10.176.227.203
268|Deborah|Riley|driley7f@wikipedia.org|Female|70.12.185.87
269|Cheryl|Cole|ccole7g@ovh.net|Female|218.74.168.213
270|Eric|Armstrong|earmstrong7h@1und1.de|Male|246.30.184.7
271|Jerry|Ford|jford7i@lycos.com|Male|37.32.96.33
272|Annie|Carroll|acarroll7j@ebay.com|Female|101.35.50.197
273|Rebecca|Matthews|rmatthews7k@webs.com|Female|67.249.162.181
274|Amy|Reyes|areyes7l@about.me|Female|5.192.171.73
275|Rose|Reynolds|rreynolds7m@feedburner.com|Female|8.90.189.51
276|Jason|Kelley|jkelley7n@toplist.cz|Male|228.210.36.125
277|Theresa|Washington|twashington7o@facebook.com|Female|234.0.107.29
278|Melissa|Baker|mbaker7p@springer.com|Female|187.172.180.11
279|Frances|Richardson|frichardson7q@economist.com|Female|250.28.123.137
280|Samuel|Collins|scollins7r@liveinternet.ru|Male|224.203.236.43
281|Helen|Torres|htorres7s@ebay.com|Female|208.16.3.130
282|Theresa|Grant|tgrant7t@cnet.com|Female|127.36.241.28
283|Carl|Romero|cromero7u@businessinsider.com|Male|174.240.87.19
284|Larry|Mills|lmills7v@google.com|Male|129.27.135.249
285|Carl|Sims|csims7w@businessweek.com|Male|181.189.161.91
286|Samuel|James|sjames7x@tamu.edu|Male|157.62.46.9
287|Frances|Morris|fmorris7y@booking.com|Female|190.104.59.116
288|Paula|Day|pday7z@studiopress.com|Female|63.213.58.116
289|Wanda|Dixon|wdixon80@cdc.gov|Female|97.186.182.180
290|Harry|Harper|hharper81@etsy.com|Male|95.60.25.204
291|Diane|Russell|drussell82@utexas.edu|Female|29.147.240.101
292|Eric|Montgomery|emontgomery83@tumblr.com|Male|75.176.11.242
293|Paula|Stevens|pstevens84@histats.com|Female|111.56.148.28
294|Daniel|Holmes|dholmes85@theglobeandmail.com|Male|51.242.249.108
295|Roy|Parker|rparker86@furl.net|Male|165.122.5.51
296|Harry|Webb|hwebb87@telegraph.co.uk|Male|172.158.180.81
297|Karen|Scott|kscott88@blogtalkradio.com|Female|106.72.25.182
298|Willie|Peterson|wpeterson89@sbwire.com|Male|176.152.133.201
299|Julie|Jones|jjones8a@sakura.ne.jp|Female|133.100.228.89
300|Sandra|Garza|sgarza8b@theglobeandmail.com|Female|169.154.215.47
301|Kathryn|Bell|kbell8c@opera.com|Female|113.148.230.205
302|Stephanie|Williamson|swilliamson8d@stanford.edu|Female|42.111.38.190
303|Patrick|Meyer|pmeyer8e@marketwatch.com|Male|148.48.84.213
304|Angela|Sims|asims8f@psu.edu|Female|199.170.238.245
305|Judy|Rogers|jrogers8g@nsw.gov.au|Female|248.143.150.228
306|Larry|Powell|lpowell8h@phoca.cz|Male|120.209.31.29
307|Sharon|Hawkins|shawkins8i@trellian.com|Female|238.215.88.209
308|Anne|Kelley|akelley8j@constantcontact.com|Female|54.41.139.250
309|Marilyn|Sullivan|msullivan8k@army.mil|Female|180.176.248.243
310|Melissa|Ramirez|mramirez8l@washingtonpost.com|Female|64.27.228.118
311|Keith|Nguyen|knguyen8m@digg.com|Male|87.25.117.180
312|Theresa|Bryant|tbryant8n@facebook.com|Female|130.171.107.187
313|Scott|Matthews|smatthews8o@sina.com.cn|Male|76.71.202.41
314|Beverly|Bradley|bbradley8p@google.ru|Female|220.217.179.170
315|Kevin|Cook|kcook8q@newyorker.com|Male|19.123.226.121
316|Jessica|Sullivan|jsullivan8r@fotki.com|Female|158.26.144.253
317|Phyllis|Bennett|pbennett8s@webs.com|Female|67.215.254.143
318|Timothy|Payne|tpayne8t@skyrock.com|Male|123.51.217.88
319|Janet|Walker|jwalker8u@nytimes.com|Female|244.67.187.11
320|Anne|Nichols|anichols8v@webeden.co.uk|Female|70.0.58.33
321|Deborah|Cook|dcook8w@naver.com|Female|227.117.237.29
322|Marie|Diaz|mdiaz8x@slideshare.net|Female|91.142.121.109
323|Dennis|Hart|dhart8y@foxnews.com|Male|104.179.185.187
324|Gregory|Hunt|ghunt8z@ucsd.edu|Male|85.246.162.111
325|Lawrence|Hayes|lhayes90@cornell.edu|Male|166.199.9.94
326|Keith|Reyes|kreyes91@163.com|Male|131.1.78.204
327|Peter|Bell|pbell92@time.com|Male|167.148.132.242
328|Gerald|Thompson|gthompson93@cdbaby.com|Male|101.141.42.132
329|Billy|King|bking94@yellowpages.com|Male|75.185.175.185
330|Rose|Morgan|rmorgan95@sun.com|Female|214.13.175.58
331|Jane|Boyd|jboyd96@eventbrite.com|Female|229.225.20.64
332|Victor|Elliott|velliott97@phpbb.com|Male|187.165.132.54
333|Jessica|Richards|jrichards98@latimes.com|Female|226.226.236.25
334|Alice|West|awest99@ocn.ne.jp|Female|22.168.35.222
335|Brandon|Peterson|bpeterson9a@cafepress.com|Male|127.77.36.63
336|Brenda|Moreno|bmoreno9b@salon.com|Female|214.127.74.51
337|Jonathan|Austin|jaustin9c@fastcompany.com|Male|118.135.171.131
338|Jerry|Foster|jfoster9d@fastcompany.com|Male|249.91.68.65
339|Dennis|Gonzalez|dgonzalez9e@surveymonkey.com|Male|229.240.98.172
340|William|Johnson|wjohnson9f@answers.com|Male|219.225.88.21
341|Judy|Hawkins|jhawkins9g@dell.com|Female|125.244.158.178
342|Lillian|Carpenter|lcarpenter9h@github.com|Female|239.46.108.19
343|Ronald|Elliott|relliott9i@hhs.gov|Male|114.104.179.252
344|Joseph|Rice|jrice9j@xing.com|Male|127.10.3.84
345|John|Stevens|jstevens9k@samsung.com|Male|92.144.201.128
346|Charles|Alexander|calexander9l@state.tx.us|Male|180.60.135.221
347|Adam|Murphy|amurphy9m@yolasite.com|Male|134.174.152.81
348|Anne|Diaz|adiaz9n@nih.gov|Female|132.47.205.252
349|Jose|Reed|jreed9o@issuu.com|Male|139.6.252.71
350|Christine|Fowler|cfowler9p@list-manage.com|Female|10.206.48.176
351|Daniel|Daniels|ddaniels9q@e-recht24.de|Male|99.115.18.225
352|Heather|Watson|hwatson9r@uol.com.br|Female|213.148.103.133
353|Janice|Burton|jburton9s@dmoz.org|Female|68.165.176.143
354|Judy|Cunningham|jcunningham9t@wisc.edu|Female|27.129.14.22
355|Michael|Moreno|mmoreno9u@cornell.edu|Male|200.148.224.136
356|Raymond|Reed|rreed9v@vistaprint.com|Male|38.115.145.147
357|George|Porter|gporter9w@toplist.cz|Male|240.108.25.146
358|Victor|Dean|vdean9x@bigcartel.com|Male|251.1.1.171
359|Jean|Larson|jlarson9y@nhs.uk|Female|77.114.61.6
360|Nicole|Davis|ndavis9z@berkeley.edu|Female|69.105.87.137
361|Marie|Butler|mbutlera0@privacy.gov.au|Female|147.69.34.113
362|Peter|Kennedy|pkennedya1@bloomberg.com|Male|223.26.32.40
363|Ruby|Moore|rmoorea2@miibeian.gov.cn|Female|252.110.114.223
364|George|Collins|gcollinsa3@cdc.gov|Male|186.57.214.6
365|Chris|Gilbert|cgilberta4@networksolutions.com|Male|100.15.221.94
366|Kathy|Cooper|kcoopera5@imgur.com|Female|48.120.237.161
367|Brenda|Williams|bwilliamsa6@wunderground.com|Female|30.59.161.33
368|Stephen|Butler|sbutlera7@google.nl|Male|129.249.67.193
369|Andrea|Hunter|ahuntera8@addtoany.com|Female|68.183.21.139
370|Melissa|Perry|mperrya9@moonfruit.com|Female|220.31.116.35
371|Craig|Arnold|carnoldaa@umn.edu|Male|59.132.47.141
372|Antonio|Bowman|abowmanab@amazon.com|Male|166.196.241.79
373|Joe|Meyer|jmeyerac@businessinsider.com|Male|168.45.134.243
374|George|Hunt|ghuntad@forbes.com|Male|187.187.222.92
375|Paul|Vasquez|pvasquezae@independent.co.uk|Male|252.94.233.246
376|Cheryl|Boyd|cboydaf@prlog.org|Female|103.44.229.126
377|Pamela|Carpenter|pcarpenterag@digg.com|Female|155.55.206.47
378|Andrea|Owens|aowensah@a8.net|Female|201.165.167.68
379|Catherine|Garcia|cgarciaai@acquirethisname.com|Female|51.169.103.117
380|Henry|Diaz|hdiazaj@msu.edu|Male|102.145.220.60
381|Arthur|Edwards|aedwardsak@nature.com|Male|219.181.161.99
382|Deborah|Wright|dwrightal@uiuc.edu|Female|152.223.53.64
383|Marilyn|Cook|mcookam@huffingtonpost.com|Female|195.174.166.61
384|Rose|Mendoza|rmendozaan@soup.io|Female|162.151.211.135
385|Doris|Howell|dhowellao@state.tx.us|Female|73.181.193.181
386|Jesse|Jordan|jjordanap@studiopress.com|Male|214.45.178.253
387|Frances|Riley|frileyaq@surveymonkey.com|Female|77.10.248.93
388|Barbara|Peters|bpetersar@godaddy.com|Female|56.10.156.82
389|Larry|Ramos|lramosas@bloomberg.com|Male|64.145.187.57
390|Sharon|Hayes|shayesat@yale.edu|Female|114.34.76.151
391|Brenda|Hunt|bhuntau@so-net.ne.jp|Female|249.97.182.68
392|Chris|Burns|cburnsav@ucoz.com|Male|179.16.26.11
393|Alan|Gonzales|agonzalesaw@harvard.edu|Male|243.69.164.51
394|Stephen|Robertson|srobertsonax@stumbleupon.com|Male|119.70.122.98
395|Johnny|Day|jdayay@who.int|Male|82.88.51.6
396|Matthew|Ramirez|mramirezaz@shutterfly.com|Male|143.242.225.93
397|Nancy|Henderson|nhendersonb0@nytimes.com|Female|168.229.150.234
398|Teresa|Perkins|tperkinsb1@liveinternet.ru|Female|210.10.88.251
399|Rebecca|Bryant|rbryantb2@bigcartel.com|Female|116.110.150.80
400|Sarah|Edwards|sedwardsb3@dmoz.org|Female|187.244.153.20
401|Janice|Torres|jtorresb4@nba.com|Female|139.91.180.41
402|Victor|Hanson|vhansonb5@washingtonpost.com|Male|28.187.179.198
403|Kathryn|Harris|kharrisb6@epa.gov|Female|198.174.246.179
404|Laura|Alvarez|lalvarezb7@seesaa.net|Female|110.79.204.5
405|Lillian|Alexander|lalexanderb8@github.com|Female|109.104.101.213
406|Phillip|Hunter|phunterb9@berkeley.edu|Male|132.83.48.43
407|Chris|White|cwhiteba@chicagotribune.com|Male|119.183.255.217
408|Margaret|Jordan|mjordanbb@craigslist.org|Female|99.176.28.248
409|Thomas|Myers|tmyersbc@tinyurl.com|Male|84.70.84.167
410|Richard|Price|rpricebd@odnoklassniki.ru|Male|185.139.189.193
411|Barbara|Johnston|bjohnstonbe@comsenz.com|Female|182.99.188.125
412|Michelle|Murphy|mmurphybf@umn.edu|Female|190.232.46.22
413|Donald|Howard|dhowardbg@marriott.com|Male|40.106.157.72
414|Jerry|Green|jgreenbh@ezinearticles.com|Male|204.74.32.3
415|Wanda|Fowler|wfowlerbi@theatlantic.com|Female|19.65.91.236
416|Gregory|Watson|gwatsonbj@google.ru|Male|63.32.177.178
417|Barbara|Greene|bgreenebk@jalbum.net|Female|25.193.199.39
418|Pamela|Miller|pmillerbl@amazon.com|Female|156.114.81.201
419|Eugene|Riley|erileybm@webs.com|Male|140.201.35.136
420|Earl|Cole|ecolebn@nhs.uk|Male|45.36.70.70
421|Kathleen|Lane|klanebo@typepad.com|Female|217.225.224.156
422|Carl|Richardson|crichardsonbp@posterous.com|Male|85.96.10.90
423|Janice|Ortiz|jortizbq@chronoengine.com|Female|135.225.14.22
424|Martha|Payne|mpaynebr@psu.edu|Female|21.58.91.100
425|Phillip|Dean|pdeanbs@de.vu|Male|174.28.193.107
426|Benjamin|Hansen|bhansenbt@utexas.edu|Male|223.178.67.233
427|Gregory|White|gwhitebu@51.la|Male|31.84.184.181
428|Patricia|Howard|phowardbv@google.co.uk|Female|116.186.8.71
429|Howard|Myers|hmyersbw@creativecommons.org|Male|129.22.13.22
430|Matthew|Nelson|mnelsonbx@mit.edu|Male|8.218.86.114
431|Harold|Graham|hgrahamby@symantec.com|Male|58.101.73.231
432|Patrick|Gibson|pgibsonbz@yolasite.com|Male|45.166.233.255
433|Eugene|Burke|eburkec0@over-blog.com|Male|220.16.178.137
434|Sandra|Shaw|sshawc1@dedecms.com|Female|112.171.7.236
435|Samuel|Murray|smurrayc2@senate.gov|Male|225.35.233.143
436|Christina|Lawrence|clawrencec3@about.com|Female|21.119.113.54
437|Theresa|Martinez|tmartinezc4@salon.com|Female|67.86.63.78
438|Jimmy|Long|jlongc5@hhs.gov|Male|2.190.249.49
439|Andrew|Owens|aowensc6@mac.com|Male|36.136.11.30
440|Amanda|Russell|arussellc7@sbwire.com|Female|248.16.183.108
441|Irene|Frazier|ifrazierc8@npr.org|Female|76.187.45.242
442|Sara|Andrews|sandrewsc9@g.co|Female|213.83.162.23
443|Teresa|Freeman|tfreemanca@friendfeed.com|Female|191.225.189.188
444|Anna|Berry|aberrycb@npr.org|Female|43.177.115.29
445|Sarah|Burke|sburkecc@wunderground.com|Female|107.189.23.206
446|Robin|Lawson|rlawsoncd@cam.ac.uk|Female|196.21.22.216
447|Adam|Stevens|astevensce@alibaba.com|Male|26.51.14.35
448|Margaret|Oliver|molivercf@oracle.com|Female|180.152.248.171
449|Laura|Myers|lmyerscg@behance.net|Female|26.153.184.144
450|Harry|Watkins|hwatkinsch@people.com.cn|Male|146.94.38.124
451|John|Taylor|jtaylorci@nasa.gov|Male|158.29.50.249
452|James|Stone|jstonecj@qq.com|Male|41.79.101.248
453|Ruby|Kim|rkimck@oracle.com|Female|245.70.85.111
454|Kathy|Carter|kcartercl@ehow.com|Female|23.145.54.160
455|Jerry|Jones|jjonescm@example.com|Male|46.140.46.68
456|Sarah|Hamilton|shamiltoncn@elpais.com|Female|30.6.196.62
457|Debra|Snyder|dsnyderco@shutterfly.com|Female|34.153.154.29
458|Daniel|Andrews|dandrewscp@goo.ne.jp|Male|215.128.132.118
459|Christopher|Griffin|cgriffincq@posterous.com|Male|215.132.38.183
460|Barbara|Simpson|bsimpsoncr@virginia.edu|Female|31.164.67.60
461|Dorothy|Burns|dburnscs@exblog.jp|Female|133.99.9.254
462|Douglas|Alexander|dalexanderct@tripod.com|Male|34.11.235.181
463|Kelly|Collins|kcollinscu@amazon.co.jp|Female|230.129.217.20
464|Earl|Pierce|epiercecv@kickstarter.com|Male|152.118.112.70
465|Ashley|Williams|awilliamscw@google.com|Female|0.77.206.214
466|Julie|Ortiz|jortizcx@cbc.ca|Female|21.195.196.146
467|Lisa|Watson|lwatsoncy@shop-pro.jp|Female|183.12.42.82
468|Barbara|Ramirez|bramirezcz@about.com|Female|79.73.169.207
469|Stephanie|Porter|sporterd0@newyorker.com|Female|96.25.42.42
470|Gerald|Duncan|gduncand1@reverbnation.com|Male|72.248.44.58
471|Ruth|Fowler|rfowlerd2@engadget.com|Female|220.85.151.158
472|Angela|Wilson|awilsond3@youtu.be|Female|131.147.49.183
473|Jason|Long|jlongd4@fda.gov|Male|111.179.151.121
474|Maria|Berry|mberryd5@biglobe.ne.jp|Female|176.159.182.19
475|Keith|Bailey|kbaileyd6@jalbum.net|Male|195.135.63.68
476|Jose|Young|jyoungd7@soup.io|Male|147.171.172.221
477|Wanda|Murray|wmurrayd8@wordpress.com|Female|226.39.133.131
478|Roy|Austin|raustind9@google.es|Male|72.181.97.6
479|Lisa|Carr|lcarrda@twitpic.com|Female|61.123.219.245
480|Gregory|Kim|gkimdb@umich.edu|Male|128.23.68.5
481|Denise|Ward|dwarddc@yellowbook.com|Female|191.38.199.104
482|Donald|Fowler|dfowlerdd@sbwire.com|Male|122.92.208.48
483|Judith|Wheeler|jwheelerde@bravesites.com|Female|79.55.211.230
484|Mark|Roberts|mrobertsdf@fda.gov|Male|155.94.253.157
485|Frank|Allen|fallendg@vimeo.com|Male|215.84.15.236
486|Earl|Griffin|egriffindh@digg.com|Male|23.190.186.205
487|Lawrence|Payne|lpaynedi@yellowbook.com|Male|215.97.159.18
488|Dennis|Phillips|dphillipsdj@pen.io|Male|35.221.98.138
489|Richard|Taylor|rtaylordk@mashable.com|Male|71.3.67.54
490|Justin|Nguyen|jnguyendl@nhs.uk|Male|109.22.197.230
491|Frank|Mcdonald|fmcdonalddm@weebly.com|Male|38.84.33.240
492|Rachel|Morales|rmoralesdn@smh.com.au|Female|181.34.148.66
493|Anna|Hansen|ahansendo@wordpress.com|Female|91.28.195.37
494|Harold|Wagner|hwagnerdp@nyu.edu|Male|141.234.247.202
495|Jacqueline|Brown|jbrowndq@earthlink.net|Female|85.255.147.152
496|Gloria|Ellis|gellisdr@vistaprint.com|Female|193.211.36.34
497|Martin|Morris|mmorrisds@joomla.org|Male|1.184.111.49
498|Ryan|Berry|rberrydt@constantcontact.com|Male|79.52.122.226
499|Philip|White|pwhitedu@digg.com|Male|255.67.181.103
500|Donna|Dixon|ddixondv@so-net.ne.jp|Female|138.82.123.85
501|Charles|Gonzalez|cgonzalezdw@furl.net|Male|155.82.7.103
502|Jonathan|Reynolds|jreynoldsdx@cornell.edu|Male|44.150.191.66
503|Fred|Elliott|felliottdy@pagesperso-orange.fr|Male|160.127.248.187
504|Michael|Gardner|mgardnerdz@nhs.uk|Male|21.123.70.58
505|Virginia|Peters|vpeterse0@microsoft.com|Female|146.195.137.114
506|George|Mendoza|gmendozae1@independent.co.uk|Male|46.196.206.21
507|John|Mills|jmillse2@blogtalkradio.com|Male|120.191.35.104
508|Lawrence|Butler|lbutlere3@miibeian.gov.cn|Male|211.112.27.2
509|Carol|Nichols|cnicholse4@salon.com|Female|233.33.243.206
510|Matthew|Wagner|mwagnere5@xinhuanet.com|Male|51.64.146.196
511|Virginia|Carr|vcarre6@dot.gov|Female|135.73.118.255
512|Martin|Flores|mflorese7@ifeng.com|Male|207.151.152.207
513|Maria|Stone|mstonee8@creativecommons.org|Female|82.224.49.27
514|Donald|Rogers|drogerse9@blogtalkradio.com|Male|179.193.162.56
515|Juan|Williams|jwilliamsea@rambler.ru|Male|101.150.210.164
516|Andrew|Sullivan|asullivaneb@mlb.com|Male|24.234.91.42
517|Anthony|Butler|abutlerec@google.pl|Male|215.107.85.99
518|Diana|Ortiz|dortized@cyberchimps.com|Female|123.82.165.35
519|Sean|Jones|sjonesee@gravatar.com|Male|138.3.41.177
520|Brian|Castillo|bcastilloef@census.gov|Male|228.118.49.87
521|Katherine|Fuller|kfullereg@woothemes.com|Female|171.27.248.31
522|William|Sullivan|wsullivaneh@shutterfly.com|Male|252.145.131.77
523|Tammy|Hill|thillei@prlog.org|Female|10.210.72.59
524|Ronald|Reynolds|rreynoldsej@surveymonkey.com|Male|137.200.69.171
525|Deborah|Martin|dmartinek@live.com|Female|187.230.19.193
526|Gerald|Black|gblackel@marketwatch.com|Male|174.87.179.83
527|Andrew|Peterson|apetersonem@seattletimes.com|Male|50.190.193.118
528|Denise|Garza|dgarzaen@google.com.hk|Female|135.144.58.83
529|Bobby|Perkins|bperkinseo@ustream.tv|Male|43.91.145.47
530|Elizabeth|Burke|eburkeep@imgur.com|Female|110.217.135.64
531|Sarah|Howard|showardeq@sbwire.com|Female|102.217.83.189
532|Raymond|Allen|rallener@devhub.com|Male|34.10.98.69
533|Clarence|Phillips|cphillipses@intel.com|Male|222.152.42.69
534|Phyllis|Murray|pmurrayet@google.co.uk|Female|203.31.152.143
535|Lois|Hunter|lhuntereu@blinklist.com|Female|176.58.57.217
536|Anne|Little|alittleev@businesswire.com|Female|124.205.141.150
537|Carolyn|Welch|cwelchew@zimbio.com|Female|249.19.56.134
538|Alice|Kennedy|akennedyex@earthlink.net|Female|143.63.61.178
539|Billy|Flores|bfloresey@amazon.co.uk|Male|37.94.250.35
540|Robert|Willis|rwillisez@angelfire.com|Male|163.96.181.91
541|Eric|Foster|efosterf0@people.com.cn|Male|29.49.34.21
542|Carol|Wilson|cwilsonf1@mashable.com|Female|165.213.131.173
543|Patrick|Day|pdayf2@earthlink.net|Male|1.89.71.151
544|Charles|Adams|cadamsf3@reference.com|Male|84.236.249.113
545|Karen|Fisher|kfisherf4@gravatar.com|Female|233.74.36.155
546|Lawrence|Alvarez|lalvarezf5@ehow.com|Male|170.37.102.151
547|Heather|Bradley|hbradleyf6@amazon.de|Female|187.96.42.59
548|Christopher|Wagner|cwagnerf7@miitbeian.gov.cn|Male|149.20.0.184
549|Richard|Reynolds|rreynoldsf8@nymag.com|Male|86.242.255.176
550|Edward|Howard|ehowardf9@examiner.com|Male|165.7.156.239
551|Douglas|Mills|dmillsfa@tinyurl.com|Male|134.35.217.167
552|Irene|Morales|imoralesfb@weebly.com|Female|12.195.215.235
553|Robin|Garrett|rgarrettfc@prnewswire.com|Female|228.70.141.18
554|Joe|Wood|jwoodfd@flavors.me|Male|47.7.48.111
555|Eugene|Little|elittlefe@sciencedirect.com|Male|151.219.51.251
556|Shirley|Perkins|sperkinsff@tuttocitta.it|Female|19.254.61.39
557|Johnny|Snyder|jsnyderfg@mapy.cz|Male|248.109.113.240
558|Stephanie|Chavez|schavezfh@cdc.gov|Female|252.139.68.192
559|Bonnie|Robertson|brobertsonfi@yahoo.co.jp|Female|76.38.2.123
560|Harold|Reyes|hreyesfj@buzzfeed.com|Male|17.175.35.172
561|Amy|Williamson|awilliamsonfk@weather.com|Female|242.210.224.218
562|Carlos|Pierce|cpiercefl@freewebs.com|Male|78.180.205.138
563|Ronald|Boyd|rboydfm@youtu.be|Male|10.242.195.157
564|Kathryn|Coleman|kcolemanfn@nationalgeographic.com|Female|49.3.227.180
565|Lillian|Banks|lbanksfo@cbc.ca|Female|56.26.199.156
566|Rachel|Grant|rgrantfp@cdbaby.com|Female|185.208.28.182
567|Kimberly|James|kjamesfq@miitbeian.gov.cn|Female|138.237.207.100
568|Edward|Morris|emorrisfr@typepad.com|Male|123.84.227.20
569|Jonathan|Garza|jgarzafs@cnn.com|Male|194.133.32.148
570|Roy|Mccoy|rmccoyft@studiopress.com|Male|224.163.3.47
571|Laura|King|lkingfu@list-manage.com|Female|234.11.43.30
572|Shirley|Washington|swashingtonfv@accuweather.com|Female|157.117.44.197
573|Timothy|Lynch|tlynchfw@liveinternet.ru|Male|242.200.157.74
574|Diana|Lane|dlanefx@histats.com|Female|58.54.238.83
575|Lois|Butler|lbutlerfy@google.co.jp|Female|5.81.202.105
576|James|Holmes|jholmesfz@netvibes.com|Male|231.165.56.199
577|Patrick|Day|pdayg0@livejournal.com|Male|137.96.137.242
578|Angela|Marshall|amarshallg1@fda.gov|Female|76.196.156.232
579|Frank|Daniels|fdanielsg2@nasa.gov|Male|105.14.35.216
580|Ralph|Hunt|rhuntg3@mail.ru|Male|230.202.212.81
581|Phillip|Burke|pburkeg4@chronoengine.com|Male|68.103.13.124
582|John|Ramirez|jramirezg5@patch.com|Male|32.92.46.104
583|James|White|jwhiteg6@admin.ch|Male|207.64.251.93
584|Bruce|Little|blittleg7@npr.org|Male|46.229.52.15
585|Katherine|Wallace|kwallaceg8@usa.gov|Female|87.35.136.232
586|Kathryn|Elliott|kelliottg9@yahoo.co.jp|Female|24.47.110.50
587|Kathryn|Cook|kcookga@is.gd|Female|229.27.90.165
588|Laura|King|lkinggb@uiuc.edu|Female|128.127.219.204
589|Lillian|Hayes|lhayesgc@hugedomains.com|Female|154.225.48.237
590|Rachel|Adams|radamsgd@slashdot.org|Female|19.200.162.222
591|Irene|Fox|ifoxge@over-blog.com|Female|197.101.73.22
592|Eugene|Cook|ecookgf@reverbnation.com|Male|30.234.215.92
593|Jack|Richardson|jrichardsongg@imdb.com|Male|232.214.131.89
594|Brian|Collins|bcollinsgh@illinois.edu|Male|232.32.128.70
595|Randy|Moreno|rmorenogi@uiuc.edu|Male|49.64.193.126
596|Peter|Castillo|pcastillogj@hp.com|Male|102.178.150.94
597|Judy|Medina|jmedinagk@dropbox.com|Female|98.156.171.194
598|Julie|Reid|jreidgl@so-net.ne.jp|Female|172.90.3.87
599|Kathryn|Gordon|kgordongm@nydailynews.com|Female|103.93.149.168
600|Frances|Oliver|folivergn@free.fr|Female|55.129.95.151
601|Harry|Dean|hdeango@theatlantic.com|Male|88.189.206.207
602|Diane|Morrison|dmorrisongp@bbb.org|Female|32.222.153.153
603|Cheryl|Graham|cgrahamgq@photobucket.com|Female|174.241.110.173
604|David|Rodriguez|drodriguezgr@reverbnation.com|Male|193.0.154.33
605|Paul|Ryan|pryangs@usda.gov|Male|130.76.39.160
606|Patricia|Cruz|pcruzgt@nydailynews.com|Female|114.66.228.50
607|Harold|Richardson|hrichardsongu@moonfruit.com|Male|170.228.236.252
608|Sean|Elliott|selliottgv@vkontakte.ru|Male|60.207.20.241
609|Samuel|Gray|sgraygw@g.co|Male|188.148.181.79
610|Rebecca|Franklin|rfranklingx@washingtonpost.com|Female|228.211.255.226
611|Earl|Burke|eburkegy@ifeng.com|Male|176.180.81.18
612|Pamela|Alexander|palexandergz@networkadvertising.org|Female|186.111.158.202
613|Ernest|Robinson|erobinsonh0@sciencedirect.com|Male|9.251.75.191
614|Adam|Ortiz|aortizh1@engadget.com|Male|8.245.217.136
615|Russell|Wells|rwellsh2@howstuffworks.com|Male|221.205.25.86
616|Robert|Jackson|rjacksonh3@virginia.edu|Male|202.109.96.202
617|Justin|Williams|jwilliamsh4@angelfire.com|Male|131.238.50.5
618|Patricia|Foster|pfosterh5@github.com|Female|161.177.146.177
619|Antonio|Reed|areedh6@hc360.com|Male|60.230.150.24
620|Fred|Wilson|fwilsonh7@skyrock.com|Male|202.106.13.216
621|Billy|Adams|badamsh8@goo.gl|Male|210.167.162.100
622|Denise|Thompson|dthompsonh9@ocn.ne.jp|Female|35.15.231.35
623|Shawn|Weaver|sweaverha@bloglines.com|Male|227.220.167.84
624|Bonnie|Rose|brosehb@vistaprint.com|Female|86.243.34.189
625|Eric|Peterson|epetersonhc@admin.ch|Male|205.61.123.105
626|Cheryl|Larson|clarsonhd@nymag.com|Female|157.55.197.194
627|Ruby|Bradley|rbradleyhe@domainmarket.com|Female|234.175.126.16
628|Gregory|Meyer|gmeyerhf@hao123.com|Male|102.88.79.206
629|Irene|Lee|ileehg@mozilla.com|Female|251.199.201.152
630|Larry|Austin|laustinhh@hostgator.com|Male|53.253.187.158
631|Terry|Rose|trosehi@tumblr.com|Male|51.221.216.32
632|Marilyn|Crawford|mcrawfordhj@businessweek.com|Female|154.222.11.215
633|Christina|Marshall|cmarshallhk@ed.gov|Female|101.68.188.53
634|Joshua|Cook|jcookhl@pagesperso-orange.fr|Male|83.57.166.203
635|Nicholas|Lane|nlanehm@toplist.cz|Male|194.104.120.209
636|Brian|Stevens|bstevenshn@ucoz.ru|Male|165.155.17.52
637|Melissa|Rose|mroseho@nytimes.com|Female|226.161.138.225
638|Barbara|Flores|bfloreshp@mashable.com|Female|24.177.106.195
639|Thomas|Palmer|tpalmerhq@trellian.com|Male|195.150.32.47
640|Helen|Henry|hhenryhr@hud.gov|Female|116.233.99.9
641|Susan|Hanson|shansonhs@house.gov|Female|165.60.102.217
642|Randy|Ferguson|rfergusonht@yandex.ru|Male|27.113.11.96
643|Keith|Montgomery|kmontgomeryhu@dot.gov|Male|240.204.2.89
644|Joshua|Owens|jowenshv@wix.com|Male|212.232.240.101
645|Joseph|Watson|jwatsonhw@nih.gov|Male|185.240.43.44
646|Terry|Harrison|tharrisonhx@sciencedirect.com|Male|236.176.243.31
647|Kathleen|Howard|khowardhy@tiny.cc|Female|35.166.171.69
648|Jane|Webb|jwebbhz@reuters.com|Female|163.180.149.2
649|Amy|Greene|agreenei0@biglobe.ne.jp|Female|113.149.235.115
650|Louis|Holmes|lholmesi1@nyu.edu|Male|185.243.78.95
651|Gregory|Murray|gmurrayi2@hatena.ne.jp|Male|55.76.213.147
652|Christine|Hart|charti3@com.com|Female|79.83.157.174
653|George|Jackson|gjacksoni4@tinyurl.com|Male|200.131.95.229
654|Rose|Gonzalez|rgonzalezi5@xinhuanet.com|Female|124.205.110.194
655|Henry|Armstrong|harmstrongi6@youtu.be|Male|32.64.198.245
656|Carolyn|Lee|cleei7@elpais.com|Female|39.28.210.191
657|Wanda|Reed|wreedi8@123-reg.co.uk|Female|171.135.235.162
658|Sharon|Barnes|sbarnesi9@comsenz.com|Female|226.146.225.57
659|Terry|Bennett|tbennettia@constantcontact.com|Male|7.217.228.116
660|Sara|Hudson|shudsonib@illinois.edu|Female|64.81.17.151
661|Roger|Thompson|rthompsonic@github.io|Male|79.235.244.94
662|Juan|Bowman|jbowmanid@lycos.com|Male|38.14.98.72
663|Alan|Butler|abutlerie@mayoclinic.com|Male|251.237.163.223
664|Michelle|Powell|mpowellif@people.com.cn|Female|26.33.203.244
665|Jessica|Foster|jfosterig@hhs.gov|Female|206.121.149.77
666|Craig|Willis|cwillisih@unicef.org|Male|115.162.61.158
667|Amy|Sanders|asandersii@over-blog.com|Female|224.131.51.163
668|Donna|Montgomery|dmontgomeryij@jalbum.net|Female|11.230.254.241
669|Shawn|Smith|ssmithik@devhub.com|Male|117.28.141.49
670|Jack|Ryan|jryanil@yellowpages.com|Male|11.49.127.28
671|Annie|Miller|amillerim@hubpages.com|Female|53.70.25.16
672|Henry|Hernandez|hhernandezin@harvard.edu|Male|126.206.23.51
673|Gregory|Duncan|gduncanio@hugedomains.com|Male|162.127.128.105
674|Jessica|Harvey|jharveyip@cdc.gov|Female|20.23.92.61
675|Amy|Bowman|abowmaniq@skype.com|Female|160.27.212.91
676|Matthew|Diaz|mdiazir@reference.com|Male|191.124.75.248
677|Ralph|Walker|rwalkeris@bing.com|Male|32.56.123.191
678|Teresa|Medina|tmedinait@so-net.ne.jp|Female|67.11.39.103
679|Doris|Medina|dmedinaiu@photobucket.com|Female|144.153.79.128
680|Stephanie|Reynolds|sreynoldsiv@miitbeian.gov.cn|Female|121.135.184.189
681|Pamela|Hudson|phudsoniw@live.com|Female|43.144.195.225
682|Margaret|Ford|mfordix@google.de|Female|18.243.59.215
683|Donna|Holmes|dholmesiy@qq.com|Female|90.86.49.116
684|Anthony|Reed|areediz@zdnet.com|Male|132.165.108.238
685|Benjamin|Mccoy|bmccoyj0@shareasale.com|Male|181.26.36.23
686|Elizabeth|Jenkins|ejenkinsj1@mysql.com|Female|218.135.252.100
687|Larry|Gutierrez|lgutierrezj2@apple.com|Male|64.156.162.91
688|Maria|Marshall|mmarshallj3@youku.com|Female|6.79.243.94
689|Jimmy|Taylor|jtaylorj4@behance.net|Male|133.82.24.132
690|Helen|Bradley|hbradleyj5@altervista.org|Female|141.44.175.3
691|Jesse|Harvey|jharveyj6@arstechnica.com|Male|49.167.64.142
692|Karen|Ray|krayj7@csmonitor.com|Female|46.60.24.244
693|Jason|Dean|jdeanj8@sina.com.cn|Male|232.68.13.45
694|Michael|Gardner|mgardnerj9@techcrunch.com|Male|111.227.229.127
695|Kenneth|Murphy|kmurphyja@amazonaws.com|Male|159.133.66.155
696|Nancy|Barnes|nbarnesjb@zimbio.com|Female|191.233.75.158
697|Benjamin|Hanson|bhansonjc@hhs.gov|Male|96.233.165.224
698|Antonio|Gray|agrayjd@sphinn.com|Male|11.237.0.194
699|Nicole|Oliver|noliverje@cnbc.com|Female|35.35.177.139
700|Kevin|Pierce|kpiercejf@sfgate.com|Male|229.165.149.184
701|Harry|Sanders|hsandersjg@utexas.edu|Male|76.135.203.130
702|Anthony|Ellis|aellisjh@dmoz.org|Male|64.99.91.165
703|Denise|Howell|dhowellji@youtu.be|Female|72.220.8.195
704|Arthur|Turner|aturnerjj@microsoft.com|Male|190.82.2.83
705|Tina|Stewart|tstewartjk@sourceforge.net|Female|237.240.229.255
706|Justin|Knight|jknightjl@163.com|Male|71.59.202.57
707|Nicole|Nguyen|nnguyenjm@yellowbook.com|Female|8.18.81.214
708|Jason|Fields|jfieldsjn@is.gd|Male|30.78.132.117
709|Antonio|Warren|awarrenjo@nytimes.com|Male|81.188.85.5
710|Wayne|Cruz|wcruzjp@youtube.com|Male|235.41.9.75
711|Craig|Jenkins|cjenkinsjq@google.ru|Male|146.116.184.10
712|Frances|Armstrong|farmstrongjr@dropbox.com|Female|54.80.254.209
713|Frank|Anderson|fandersonjs@cornell.edu|Male|192.245.56.100
714|Tammy|Hanson|thansonjt@unicef.org|Female|222.214.152.39
715|Antonio|Carroll|acarrollju@zimbio.com|Male|49.95.98.54
716|Roy|Hernandez|rhernandezjv@weibo.com|Male|4.11.44.33
717|Diana|Hudson|dhudsonjw@utexas.edu|Female|121.79.81.255
718|Cynthia|Long|clongjx@businessinsider.com|Female|103.255.48.17
719|Jeffrey|Hall|jhalljy@homestead.com|Male|187.154.102.7
720|Julie|Hudson|jhudsonjz@cbslocal.com|Female|87.154.38.245
721|Bonnie|Lynch|blynchk0@nba.com|Female|76.32.57.42
722|Sean|Mccoy|smccoyk1@upenn.edu|Male|114.60.196.34
723|Clarence|Powell|cpowellk2@dyndns.org|Male|165.234.243.74
724|Debra|Mason|dmasonk3@gizmodo.com|Female|207.107.33.25
725|Louise|Meyer|lmeyerk4@storify.com|Female|66.87.229.206
726|Mary|Bryant|mbryantk5@go.com|Female|178.40.22.11
727|Jack|Dunn|jdunnk6@rambler.ru|Male|29.3.240.8
728|Denise|Dunn|ddunnk7@github.com|Female|49.181.91.70
729|Betty|Elliott|belliottk8@nationalgeographic.com|Female|217.44.223.47
730|Joseph|Butler|jbutlerk9@si.edu|Male|95.115.145.58
731|Ashley|Stanley|astanleyka@joomla.org|Female|111.239.232.192
732|Jennifer|Wood|jwoodkb@springer.com|Female|237.69.19.104
733|Emily|Cruz|ecruzkc@alibaba.com|Female|119.88.150.19
734|Katherine|Wilson|kwilsonkd@umich.edu|Female|193.211.79.141
735|Martha|Davis|mdaviske@google.co.jp|Female|247.240.63.114
736|Michael|Jackson|mjacksonkf@drupal.org|Male|190.98.88.145
737|Annie|Hawkins|ahawkinskg@army.mil|Female|77.13.242.220
738|Bruce|Black|bblackkh@nba.com|Male|29.53.186.18
739|Teresa|Allen|tallenki@comcast.net|Female|176.235.157.172
740|Steven|Mason|smasonkj@epa.gov|Male|187.10.195.234
741|Carlos|Welch|cwelchkk@amazon.de|Male|66.95.158.192
742|Benjamin|Garza|bgarzakl@shutterfly.com|Male|30.64.79.32
743|Rose|Watkins|rwatkinskm@earthlink.net|Female|51.206.65.106
744|Douglas|Spencer|dspencerkn@amazon.com|Male|222.102.9.94
745|Robert|Ramos|rramosko@ehow.com|Male|96.88.17.96
746|Jesse|Gilbert|jgilbertkp@odnoklassniki.ru|Male|207.149.159.118
747|Janice|Thomas|jthomaskq@oakley.com|Female|251.32.203.81
748|Walter|Arnold|warnoldkr@theatlantic.com|Male|244.127.76.72
749|Phyllis|Pierce|ppierceks@sohu.com|Female|227.72.220.68
750|Christopher|Wilson|cwilsonkt@slashdot.org|Male|55.144.190.110
751|Joe|Willis|jwillisku@myspace.com|Male|117.230.18.0
752|Michelle|Pierce|mpiercekv@craigslist.org|Female|235.74.97.208
753|Catherine|Brown|cbrownkw@google.ca|Female|220.180.90.233
754|Martin|Reynolds|mreynoldskx@g.co|Male|113.87.205.51
755|Michael|Carpenter|mcarpenterky@opera.com|Male|91.244.203.238
756|Stephanie|Powell|spowellkz@sitemeter.com|Female|11.56.162.235
757|Stephen|Allen|sallenl0@google.com.au|Male|71.220.62.44
758|Kathryn|Hansen|khansenl1@live.com|Female|37.189.104.249
759|Tina|Harvey|tharveyl2@latimes.com|Female|203.205.160.103
760|Robert|Dixon|rdixonl3@xrea.com|Male|21.245.194.235
761|Gloria|Holmes|gholmesl4@ucla.edu|Female|201.17.176.133
762|Andrew|Lane|alanel5@squidoo.com|Male|63.70.73.234
763|Ruby|Rodriguez|rrodriguezl6@yale.edu|Female|69.236.234.203
764|Douglas|James|djamesl7@wsj.com|Male|153.54.50.162
765|Amy|Freeman|afreemanl8@nyu.edu|Female|201.157.154.23
766|Harold|Jackson|hjacksonl9@mediafire.com|Male|0.172.160.114
767|Betty|George|bgeorgela@bluehost.com|Female|81.207.127.143
768|Dorothy|Lynch|dlynchlb@businesswire.com|Female|135.89.186.6
769|Mary|Coleman|mcolemanlc@pcworld.com|Female|95.242.190.4
770|Emily|Alexander|ealexanderld@japanpost.jp|Female|92.179.140.97
771|Arthur|Cooper|acooperle@weather.com|Male|91.121.188.212
772|Gregory|Moore|gmoorelf@paginegialle.it|Male|205.40.240.113
773|Annie|Elliott|aelliottlg@cloudflare.com|Female|97.174.193.203
774|Richard|Taylor|rtaylorlh@homestead.com|Male|169.181.95.195
775|Joe|Moore|jmooreli@craigslist.org|Male|164.231.54.63
776|Bonnie|Perez|bperezlj@slideshare.net|Female|213.209.100.126
777|Betty|Martin|bmartinlk@artisteer.com|Female|118.218.127.67
778|Ruby|Perry|rperryll@phoca.cz|Female|148.140.230.249
779|Doris|Gordon|dgordonlm@skype.com|Female|140.217.154.32
780|Helen|Wood|hwoodln@fema.gov|Female|155.49.251.57
781|Gloria|Oliver|goliverlo@nhs.uk|Female|190.51.255.11
782|Jesse|Ray|jraylp@bloglines.com|Male|97.250.14.37
783|Earl|Martinez|emartinezlq@npr.org|Male|51.210.39.209
784|Joan|Ferguson|jfergusonlr@google.ca|Female|153.42.106.67
785|Theresa|Sanders|tsandersls@ifeng.com|Female|22.113.212.33
786|Keith|Parker|kparkerlt@pbs.org|Male|179.80.162.27
787|Benjamin|Gibson|bgibsonlu@npr.org|Male|243.68.212.147
788|Paula|Chapman|pchapmanlv@e-recht24.de|Female|133.189.114.138
789|Mark|Garza|mgarzalw@people.com.cn|Male|1.98.46.76
790|Juan|Hamilton|jhamiltonlx@cpanel.net|Male|235.46.132.90
791|Randy|Freeman|rfreemanly@forbes.com|Male|163.47.233.177
792|Louis|Hudson|lhudsonlz@yellowpages.com|Male|197.7.247.195
793|Kelly|Adams|kadamsm0@360.cn|Female|199.37.209.197
794|Sharon|Adams|sadamsm1@zimbio.com|Female|148.79.220.54
795|Alan|Burton|aburtonm2@tumblr.com|Male|72.201.46.95
796|Virginia|Bryant|vbryantm3@epa.gov|Female|81.80.52.119
797|Wayne|Romero|wromerom4@elpais.com|Male|5.2.151.22
798|Kenneth|Boyd|kboydm5@4shared.com|Male|178.102.245.216
799|Brandon|Peterson|bpetersonm6@redcross.org|Male|169.17.187.215
800|Kenneth|Garcia|kgarciam7@csmonitor.com|Male|157.37.16.60
801|Paula|Vasquez|pvasquezm8@accuweather.com|Female|174.61.143.104
802|Larry|Holmes|lholmesm9@apple.com|Male|227.235.155.73
803|Jerry|Cunningham|jcunninghamma@ed.gov|Male|66.162.160.219
804|Matthew|Perkins|mperkinsmb@twitpic.com|Male|87.204.80.216
805|David|Perry|dperrymc@bluehost.com|Male|90.69.150.73
806|Ann|Banks|abanksmd@devhub.com|Female|140.96.70.9
807|Beverly|Stanley|bstanleyme@odnoklassniki.ru|Female|217.206.183.114
808|Doris|Watkins|dwatkinsmf@nature.com|Female|244.152.3.24
809|Robin|Wood|rwoodmg@statcounter.com|Female|12.246.220.130
810|Kevin|Wright|kwrightmh@canalblog.com|Male|195.208.13.68
811|Julia|Hunter|jhuntermi@theguardian.com|Female|27.201.177.106
812|Helen|Bell|hbellmj@intel.com|Female|122.10.37.77
813|Johnny|Duncan|jduncanmk@uol.com.br|Male|83.164.51.83
814|Chris|Flores|cfloresml@angelfire.com|Male|133.5.124.217
815|Todd|Sanchez|tsanchezmm@blogspot.com|Male|139.34.244.23
816|Clarence|Peters|cpetersmn@meetup.com|Male|38.149.137.127
817|Samuel|Ortiz|sortizmo@ebay.co.uk|Male|126.170.87.255
818|Carol|Cook|ccookmp@mtv.com|Female|96.217.174.33
819|Thomas|Payne|tpaynemq@epa.gov|Male|17.115.96.89
820|Gary|Evans|gevansmr@arizona.edu|Male|75.99.154.190
821|Tina|Burns|tburnsms@amazon.com|Female|56.220.244.218
822|Martha|Schmidt|mschmidtmt@amazon.co.uk|Female|69.68.233.10
823|Janet|Webb|jwebbmu@digg.com|Female|111.159.213.149
824|Jack|Stanley|jstanleymv@loc.gov|Male|215.139.93.105
825|Katherine|Brooks|kbrooksmw@cmu.edu|Female|40.3.63.84
826|Ann|Jackson|ajacksonmx@themeforest.net|Female|163.251.153.24
827|Carolyn|King|ckingmy@blog.com|Female|37.150.47.83
828|Peter|Foster|pfostermz@networksolutions.com|Male|83.65.153.1
829|Scott|Ramirez|sramirezn0@mac.com|Male|95.86.181.24
830|Sandra|Wagner|swagnern1@spiegel.de|Female|56.110.122.13
831|Lori|Turner|lturnern2@ycombinator.com|Female|173.76.102.60
832|Walter|Evans|wevansn3@yahoo.co.jp|Male|25.88.154.48
833|Gregory|Sanchez|gsanchezn4@webnode.com|Male|41.208.212.171
834|Paula|Butler|pbutlern5@dailymotion.com|Female|98.98.76.205
835|Maria|Bishop|mbishopn6@ow.ly|Female|120.189.32.38
836|Linda|Bailey|lbaileyn7@wunderground.com|Female|178.93.244.40
837|Andrea|Burton|aburtonn8@senate.gov|Female|83.51.47.83
838|Martha|Johnson|mjohnsonn9@dropbox.com|Female|115.54.14.76
839|Paula|Ortiz|portizna@symantec.com|Female|31.41.14.36
840|Sandra|Daniels|sdanielsnb@washington.edu|Female|35.70.13.62
841|Douglas|Morgan|dmorgannc@un.org|Male|45.89.21.17
842|Nicole|Moore|nmoorend@gizmodo.com|Female|77.161.110.55
843|Evelyn|Johnson|ejohnsonne@pinterest.com|Female|1.193.128.106
844|Cheryl|Sullivan|csullivannf@bluehost.com|Female|251.204.207.214
845|Jerry|Ruiz|jruizng@arizona.edu|Male|189.73.129.202
846|Catherine|Tucker|ctuckernh@usda.gov|Female|108.229.8.157
847|David|Fowler|dfowlerni@shutterfly.com|Male|82.209.36.95
848|Catherine|Miller|cmillernj@freewebs.com|Female|41.77.127.35
849|Henry|Payne|hpaynenk@plala.or.jp|Male|153.233.141.97
850|Marilyn|Patterson|mpattersonnl@weather.com|Female|233.159.134.201
851|Lori|Rivera|lriveranm@senate.gov|Female|210.37.237.39
852|Roger|Campbell|rcampbellnn@economist.com|Male|42.241.6.81
853|Heather|Lynch|hlynchno@naver.com|Female|139.10.192.235
854|Thomas|Price|tpricenp@usa.gov|Male|76.8.69.43
855|Rachel|Jones|rjonesnq@macromedia.com|Female|81.117.178.96
856|Annie|Stephens|astephensnr@360.cn|Female|110.40.166.168
857|Stephen|Parker|sparkerns@pinterest.com|Male|40.108.52.232
858|Evelyn|Gonzales|egonzalesnt@fda.gov|Female|125.161.147.66
859|Willie|Warren|wwarrennu@digg.com|Male|149.182.235.6
860|Sarah|Ellis|sellisnv@illinois.edu|Female|252.14.38.147
861|Christina|Woods|cwoodsnw@miitbeian.gov.cn|Female|194.218.247.199
862|Billy|Davis|bdavisnx@netlog.com|Male|222.24.10.184
863|Janet|Frazier|jfrazierny@cocolog-nifty.com|Female|136.112.173.186
864|Katherine|Ford|kfordnz@statcounter.com|Female|207.87.23.254
865|Mark|Bennett|mbennetto0@google.com.au|Male|254.66.158.206
866|Samuel|Rice|sriceo1@webeden.co.uk|Male|255.107.143.65
867|Doris|Ortiz|dortizo2@php.net|Female|251.105.129.72
868|Brenda|Adams|badamso3@reference.com|Female|110.163.151.208
869|Edward|Young|eyoungo4@japanpost.jp|Male|80.187.78.93
870|Mildred|Henry|mhenryo5@cam.ac.uk|Female|98.174.228.128
871|Sarah|Gilbert|sgilberto6@list-manage.com|Female|248.140.215.136
872|Jesse|Pierce|jpierceo7@xinhuanet.com|Male|157.40.104.184
873|Anna|Hudson|ahudsono8@canalblog.com|Female|246.63.230.114
874|Carlos|Diaz|cdiazo9@blinklist.com|Male|138.191.182.121
875|Kevin|Reyes|kreyesoa@bbc.co.uk|Male|221.21.197.1
876|Julie|Bishop|jbishopob@a8.net|Female|237.205.244.42
877|Linda|Warren|lwarrenoc@virginia.edu|Female|241.43.19.61
878|Maria|Ellis|mellisod@narod.ru|Female|88.191.204.244
879|Annie|Morrison|amorrisonoe@sina.com.cn|Female|120.29.118.102
880|Carl|Hunter|chunterof@studiopress.com|Male|217.176.136.42
881|Todd|Meyer|tmeyerog@blinklist.com|Male|212.15.251.65
882|Joan|Riley|jrileyoh@macromedia.com|Female|240.103.180.31
883|Stephanie|Anderson|sandersonoi@vinaora.com|Female|215.41.240.24
884|Norma|Lopez|nlopezoj@google.ru|Female|151.194.6.4
885|Gloria|Wells|gwellsok@constantcontact.com|Female|235.232.187.249
886|Roy|George|rgeorgeol@sfgate.com|Male|108.138.175.188
887|Scott|Reyes|sreyesom@lulu.com|Male|56.1.1.61
888|Michelle|Martinez|mmartinezon@nba.com|Female|90.104.236.1
889|Elizabeth|Porter|eporteroo@economist.com|Female|67.30.120.251
890|Thomas|Kennedy|tkennedyop@shinystat.com|Male|73.241.160.46
891|Ralph|Hart|rhartoq@yahoo.com|Male|198.160.184.177
892|Jonathan|Butler|jbutleror@so-net.ne.jp|Male|30.79.143.44
893|Howard|Diaz|hdiazos@sfgate.com|Male|83.160.0.102
894|Earl|Hunt|ehuntot@lulu.com|Male|82.103.151.64
895|Charles|Simpson|csimpsonou@census.gov|Male|251.198.51.219
896|Deborah|Banks|dbanksov@csmonitor.com|Female|238.204.220.10
897|Chris|Mccoy|cmccoyow@ftc.gov|Male|231.213.12.133
898|Teresa|Warren|twarrenox@goo.gl|Female|51.106.22.149
899|Louise|Fuller|lfulleroy@howstuffworks.com|Female|10.203.159.155
900|Benjamin|Hicks|bhicksoz@apple.com|Male|61.253.226.124
901|Margaret|Ellis|mellisp0@studiopress.com|Female|165.242.115.216
902|Craig|Stone|cstonep1@bloglovin.com|Male|37.2.125.255
903|Ashley|Rodriguez|arodriguezp2@usa.gov|Female|180.242.130.147
904|Louis|Marshall|lmarshallp3@about.com|Male|46.203.196.149
905|Kimberly|Harvey|kharveyp4@w3.org|Female|227.75.82.30
906|Jason|Russell|jrussellp5@altervista.org|Male|125.145.250.146
907|Amanda|Harper|aharperp6@tiny.cc|Female|167.165.65.153
908|Amy|Porter|aporterp7@nba.com|Female|228.3.55.54
909|Catherine|George|cgeorgep8@independent.co.uk|Female|130.74.226.242
910|Terry|Miller|tmillerp9@aol.com|Male|148.49.95.115
911|Dennis|Warren|dwarrenpa@pcworld.com|Male|10.232.20.77
912|Sarah|Hamilton|shamiltonpb@sohu.com|Female|115.94.110.6
913|Ryan|Pierce|rpiercepc@uol.com.br|Male|229.70.128.131
914|Andrew|Watkins|awatkinspd@hubpages.com|Male|151.199.100.129
915|Steve|Daniels|sdanielspe@nih.gov|Male|227.97.173.197
916|Teresa|Ross|trosspf@360.cn|Female|98.239.13.73
917|Justin|Gonzalez|jgonzalezpg@is.gd|Male|119.58.10.195
918|Jean|Rice|jriceph@shutterfly.com|Female|61.130.85.91
919|Harold|Perkins|hperkinspi@baidu.com|Male|5.48.16.68
920|Pamela|Brooks|pbrookspj@typepad.com|Female|86.220.90.128
921|William|Ellis|wellispk@github.com|Male|190.161.107.2
922|Janice|Duncan|jduncanpl@csmonitor.com|Female|164.214.253.225
923|Dennis|Gordon|dgordonpm@hibu.com|Male|237.179.234.34
924|Elizabeth|Mccoy|emccoypn@vimeo.com|Female|166.139.222.84
925|George|Palmer|gpalmerpo@cbsnews.com|Male|71.21.121.61
926|Rebecca|Perry|rperrypp@reuters.com|Female|220.136.24.62
927|Ernest|Green|egreenpq@webs.com|Male|138.155.49.138
928|Beverly|Sanchez|bsanchezpr@nyu.edu|Female|13.4.98.164
929|Mary|Wilson|mwilsonps@icio.us|Female|48.232.239.151
930|Norma|Larson|nlarsonpt@nymag.com|Female|74.15.105.60
931|Tammy|Howell|thowellpu@chron.com|Female|212.7.247.68
932|Amy|Garza|agarzapv@oaic.gov.au|Female|142.192.42.245
933|Joan|Jordan|jjordanpw@histats.com|Female|147.131.43.238
934|Karen|Reynolds|kreynoldspx@time.com|Female|177.41.132.247
935|Albert|Myers|amyerspy@skyrock.com|Male|252.149.166.240
936|Ann|Turner|aturnerpz@storify.com|Female|61.78.197.95
937|Ernest|Harris|eharrisq0@fastcompany.com|Male|14.75.3.208
938|Emily|Mccoy|emccoyq1@wiley.com|Female|235.102.177.42
939|Evelyn|Cunningham|ecunninghamq2@shutterfly.com|Female|81.70.220.143
940|Samuel|Murray|smurrayq3@intel.com|Male|194.215.93.10
941|Christine|Cole|ccoleq4@gnu.org|Female|215.10.117.150
942|Timothy|Burton|tburtonq5@wordpress.org|Male|225.205.45.236
943|Kevin|Grant|kgrantq6@plala.or.jp|Male|126.183.85.212
944|Stephen|Welch|swelchq7@bbc.co.uk|Male|38.185.149.108
945|Jacqueline|Bailey|jbaileyq8@tamu.edu|Female|7.208.238.141
946|Catherine|Gonzalez|cgonzalezq9@smugmug.com|Female|180.120.81.73
947|Alice|Gonzalez|agonzalezqa@amazon.com|Female|2.230.28.100
948|Fred|Flores|ffloresqb@printfriendly.com|Male|33.4.149.202
949|David|Nguyen|dnguyenqc@buzzfeed.com|Male|171.21.208.222
950|Heather|Phillips|hphillipsqd@webnode.com|Female|251.39.168.94
951|Laura|Evans|levansqe@php.net|Female|143.234.108.108
952|Jeremy|Edwards|jedwardsqf@1688.com|Male|48.93.166.157
953|Cynthia|Bradley|cbradleyqg@webmd.com|Female|74.85.236.76
954|Martin|Fowler|mfowlerqh@people.com.cn|Male|88.183.105.186
955|Tammy|Green|tgreenqi@w3.org|Female|252.130.112.54
956|Tammy|Ryan|tryanqj@pinterest.com|Female|217.113.69.18
957|Jesse|Fisher|jfisherqk@aol.com|Male|21.145.204.158
958|Jack|Flores|jfloresql@indiegogo.com|Male|112.140.189.171
959|Bobby|Simpson|bsimpsonqm@census.gov|Male|56.155.223.235
960|Kimberly|Dixon|kdixonqn@netvibes.com|Female|90.192.4.228
961|Kimberly|Wallace|kwallaceqo@sfgate.com|Female|192.69.201.47
962|Henry|Dean|hdeanqp@mozilla.org|Male|67.8.180.116
963|Kelly|Ramos|kramosqq@i2i.jp|Female|9.209.7.143
964|Carl|Hawkins|chawkinsqr@spiegel.de|Male|120.77.233.254
965|Russell|Fowler|rfowlerqs@over-blog.com|Male|70.16.110.124
966|Henry|Martin|hmartinqt@ihg.com|Male|47.169.91.30
967|Ruby|Hernandez|rhernandezqu@angelfire.com|Female|45.191.16.118
968|Katherine|Cox|kcoxqv@wunderground.com|Female|168.163.62.251
969|Teresa|Ryan|tryanqw@columbia.edu|Female|218.178.64.45
970|Cynthia|Hicks|chicksqx@yahoo.com|Female|9.91.72.107
971|Jack|Price|jpriceqy@nymag.com|Male|104.132.253.7
972|Nancy|Perez|nperezqz@xrea.com|Female|131.100.187.54
973|Victor|Fields|vfieldsr0@amazon.co.jp|Male|136.250.254.62
974|Norma|Harris|nharrisr1@sourceforge.net|Female|245.38.242.32
975|Irene|Robinson|irobinsonr2@netvibes.com|Female|4.217.61.58
976|Jeffrey|Castillo|jcastillor3@hc360.com|Male|24.80.223.136
977|Aaron|Hughes|ahughesr4@acquirethisname.com|Male|192.159.1.57
978|Sarah|Cruz|scruzr5@marriott.com|Female|218.163.190.144
979|Kathleen|Patterson|kpattersonr6@ca.gov|Female|214.133.6.191
980|Henry|Hill|hhillr7@vk.com|Male|198.138.22.99
981|Frances|Ford|ffordr8@vinaora.com|Female|130.103.25.17
982|Michael|Williamson|mwilliamsonr9@usatoday.com|Male|3.241.251.81
983|Carolyn|Willis|cwillisra@apple.com|Female|17.84.159.168
984|Tammy|Clark|tclarkrb@youtu.be|Female|140.97.233.3
985|Susan|Harris|sharrisrc@ox.ac.uk|Female|143.57.243.26
986|Randy|Howell|rhowellrd@noaa.gov|Male|80.202.187.208
987|Alan|Simmons|asimmonsre@odnoklassniki.ru|Male|222.146.110.205
988|Cynthia|Sanchez|csanchezrf@admin.ch|Female|215.138.103.81
989|Joseph|Miller|jmillerrg@shareasale.com|Male|202.162.82.157
990|Mildred|Watkins|mwatkinsrh@google.co.uk|Female|214.150.156.247
991|John|Nguyen|jnguyenri@marketwatch.com|Male|68.83.165.141
992|Kathryn|Peters|kpetersrj@about.me|Female|172.73.254.5
993|Benjamin|Wallace|bwallacerk@usatoday.com|Male|234.181.51.158
994|Jean|Morrison|jmorrisonrl@linkedin.com|Female|238.119.164.226
995|Gregory|Murphy|gmurphyrm@wunderground.com|Male|34.152.62.193
996|Rose|Grant|rgrantrn@home.pl|Female|180.44.244.75
997|Russell|Baker|rbakerro@unicef.org|Male|93.118.223.28
998|Larry|Perkins|lperkinsrp@marriott.com|Male|49.3.193.51
999|Lisa|Young|lyoungrq@nature.com|Female|30.49.237.86
1000|Kenneth|Evans|kevansrr@pagesperso-orange.fr|Male|99.31.241.8
